{
  "checkpoint": "/home/achmadjae/gpaw-qm9/models/experiments/dense_physics_v2/checkpoints/best.pt",
  "best_val": 5.72724132395636e-05,
  "data": "dataset/gpaw_qm9_merged.h5",
  "max_samples": null,
  "val_split": 0.1,
  "split_seed": 42,
  "sample_seed": 42,
  "selected_validation_position": 184,
  "selected_dataset_index": 1560,
  "key": "dsgdb9nsd_002611",
  "formula": "C7H8",
  "shape": [
    48,
    56,
    32
  ],
  "plot_info": {
    "density_threshold": 0.05,
    "delta_threshold": 0.6716091632843018,
    "true_selected_points": 10004,
    "pred_selected_points": 2003,
    "delta_selected_points": 742
  },
  "mae": 0.05192917212843895,
  "rmse": 0.9528819918632507,
  "r2": 0.4305223464581408,
  "pred_sum_raw": 3506.33447265625,
  "true_sum_raw": 6453.93408203125,
  "delta_sum_raw": -2947.599609375,
  "max_abs_error": 103.71102905273438,
  "dv_angstrom3": 0.0077471959556178515,
  "pred_integrated_electrons": 27.164260864257812,
  "true_integrated_electrons": 49.99989318847656,
  "delta_integrated_electrons": -22.83563232421875,
  "expected_neutral_electrons": 50,
  "delta_pred_vs_expected_electrons": -22.835739135742188,
  "delta_true_vs_expected_electrons": -0.0001068115234375
}
