{
  "checkpoint": "/home/achmadjae/gpaw-qm9/models/experiments/dense_pnll/checkpoints/best.pt",
  "best_val": -0.013473402708768845,
  "data": "/home/achmadjae/gpaw-qm9/dataset/gpaw_qm9_merged.h5",
  "max_samples": null,
  "val_split": 0.1,
  "split_seed": 42,
  "sample_seed": 42,
  "selected_validation_position": 184,
  "selected_dataset_index": 1560,
  "key": "dsgdb9nsd_002611",
  "formula": "C7H8",
  "shape": [
    48,
    56,
    32
  ],
  "plot_info": {
    "density_threshold": 0.05,
    "delta_threshold": 0.5842500925064087,
    "true_selected_points": 10004,
    "pred_selected_points": 2111,
    "delta_selected_points": 742
  },
  "mae": 0.03221490606665611,
  "rmse": 0.11050594598054886,
  "r2": 0.9923410415387561,
  "pred_sum_raw": 3700.9609375,
  "true_sum_raw": 6453.93408203125,
  "delta_sum_raw": -2752.97314453125,
  "max_abs_error": 4.428798675537109,
  "dv_angstrom3": 0.0077471959556178515,
  "pred_integrated_electrons": 28.672069549560547,
  "true_integrated_electrons": 49.99989318847656,
  "delta_integrated_electrons": -21.327823638916016,
  "expected_neutral_electrons": 50,
  "delta_pred_vs_expected_electrons": -21.327930450439453,
  "delta_true_vs_expected_electrons": -0.0001068115234375
}
