{
  "checkpoint": "/home/achmadjae/gpaw-qm9/models/experiments/dense_physics_v2/checkpoints/best.pt",
  "best_val": 5.72724132395636e-05,
  "data": "dataset/gpaw_qm9_merged.h5",
  "max_samples": null,
  "val_split": 0.1,
  "split_seed": 42,
  "sample_seed": 42,
  "selected_validation_position": 184,
  "selected_dataset_index": 1560,
  "key": "dsgdb9nsd_002611",
  "formula": "C7H8",
  "shape": [
    48,
    56,
    32
  ],
  "plot_info": {
    "density_threshold": 0.05,
    "delta_threshold": 1.44645357131958,
    "true_selected_points": 10004,
    "pred_selected_points": 166,
    "delta_selected_points": 742
  },
  "mae": 29196.302734375,
  "rmse": 3914035.25,
  "r2": -9608332942491.277,
  "pred_sum_raw": 2511346688.0,
  "true_sum_raw": 6453.93408203125,
  "delta_sum_raw": 2511340288.0,
  "max_abs_error": 934245696.0,
  "dv_angstrom3": 0.0077471959556178515,
  "pred_integrated_electrons": 19455896.0,
  "true_integrated_electrons": 49.99989318847656,
  "delta_integrated_electrons": 19455846.00010681,
  "expected_neutral_electrons": 50,
  "delta_pred_vs_expected_electrons": 19455846.0,
  "delta_true_vs_expected_electrons": -0.0001068115234375
}
