{
  "molecule": "gdb_1006",
  "formula": "C6H4O",
  "setup": {
    "h": 0.2,
    "mode": "fd",
    "xc": "LDA",
    "spinpol": false,
    "txt": null
  },
  "cases": {
    "original_full_scf": {
      "label": "original",
      "type": "full_scf",
      "potential_energy_eV": -76.26877126351727,
      "n_scf_iterations": 21,
      "elapsed_seconds": 10.902184247970581,
      "grid_shape": [
        39,
        55,
        19
      ],
      "e_total_free_Ha": -2.8028256699317016,
      "e_total_free_eV": -76.26877126351727,
      "e_total_extrapolated_Ha": -2.8028256699317016,
      "e_total_extrapolated_eV": -76.26877126351727,
      "e_kinetic_Ha": 3.3068958531885286,
      "e_kinetic_eV": 89.98521960349233,
      "e_kinetic0_Ha": 19.236195663061185,
      "e_kinetic0_eV": 523.4435458278169,
      "e_coulomb_Ha": -3.3453514348717306,
      "e_coulomb_eV": -91.03164928146552,
      "e_xc_Ha": -2.8203878589535396,
      "e_xc_eV": -76.7466627684234,
      "e_zero_Ha": 0.05601777070503999,
      "e_zero_eV": 1.5243211828793342,
      "e_external_Ha": 0.0,
      "e_external_eV": 0.0,
      "e_band_Ha": -15.929299809872656,
      "e_band_eV": -433.4583262243246,
      "eigenvalues_eV": [
        -27.63461918684141,
        -19.64891874525287,
        -19.226684861479786,
        -17.628424549927086,
        -14.839750171364585,
        -14.7255588936948,
        -13.326896244386626,
        -12.530394348412731,
        -11.251087925902848,
        -11.120069849586553,
        -9.95618456773772,
        -9.620433442975298,
        -8.9411860615222,
        -7.512384992150374,
        -6.933911044739592,
        -6.7001247693467985,
        -5.132533456841011,
        -1.2773430520280893,
        -0.35784128360075107,
        0.5248367607571207,
        2.353372261043261,
        2.6572378619739436,
        2.999268575429069,
        3.2232766096445213,
        3.3876149286862325
      ],
      "homo_eV": 3.2232766096445213,
      "lumo_eV": 3.3876149286862325,
      "gap_eV": 0.16433831904171115
    },
    "original_injected": {
      "label": "original",
      "type": "injected_single_shot",
      "elapsed_seconds": 5.074465274810791,
      "grid_shape": [
        39,
        55,
        19
      ],
      "e_total_free_Ha": -2.8028256691330533,
      "e_total_free_eV": -76.26877124178493,
      "e_total_extrapolated_Ha": -2.8028256691330533,
      "e_total_extrapolated_eV": -76.26877124178493,
      "e_kinetic_Ha": 3.306895853987177,
      "e_kinetic_eV": 89.98521962522464,
      "e_kinetic0_Ha": 19.236195663061185,
      "e_kinetic0_eV": 523.4435458278169,
      "e_coulomb_Ha": -3.3453514348717306,
      "e_coulomb_eV": -91.03164928146552,
      "e_xc_Ha": -2.8203878589535396,
      "e_xc_eV": -76.7466627684234,
      "e_zero_Ha": 0.05601777070503999,
      "e_zero_eV": 1.5243211828793342,
      "e_external_Ha": 0.0,
      "e_external_eV": 0.0,
      "e_band_Ha": -15.929299809074008,
      "e_band_eV": -433.4583262025923,
      "eigenvalues_eV": [
        -27.634619186840677,
        -19.648918745247162,
        -19.226684861474656,
        -17.628424549922663,
        -14.839750171353899,
        -14.72555889366739,
        -13.326896244083002,
        -12.530394348313482,
        -11.251087925841402,
        -11.120069849543464,
        -9.95618456616968,
        -9.620433435197937,
        -8.941186060743187,
        -7.51238499209737,
        -6.933911044660984,
        -6.7001247693126205,
        -5.132533456826536,
        -1.2773430509079864,
        -0.3578384303766172,
        0.5248368485318159,
        2.364389545778143,
        2.6572534770241885,
        3.0064372090015574,
        3.3090790620148165,
        3.483193867688391
      ],
      "homo_eV": 3.3090790620148165,
      "lumo_eV": 3.483193867688391,
      "gap_eV": 0.1741148056735744
    },
    "rotated_90_y_full_scf": {
      "label": "rotated_90_y",
      "type": "full_scf",
      "potential_energy_eV": -76.26877126350851,
      "n_scf_iterations": 21,
      "elapsed_seconds": 11.006119966506958,
      "grid_shape": [
        19,
        55,
        39
      ],
      "e_total_free_Ha": -2.80282566993138,
      "e_total_free_eV": -76.26877126350851,
      "e_total_extrapolated_Ha": -2.80282566993138,
      "e_total_extrapolated_eV": -76.26877126350851,
      "e_kinetic_Ha": 3.3068958531888004,
      "e_kinetic_eV": 89.98521960349971,
      "e_kinetic0_Ha": 19.2361956630612,
      "e_kinetic0_eV": 523.4435458278173,
      "e_coulomb_Ha": -3.345351434871617,
      "e_coulomb_eV": -91.03164928146242,
      "e_xc_Ha": -2.8203878589535645,
      "e_xc_eV": -76.74666276842407,
      "e_zero_Ha": 0.05601777070500091,
      "e_zero_eV": 1.5243211828782706,
      "e_external_Ha": 0.0,
      "e_external_eV": 0.0,
      "e_band_Ha": -15.929299809872399,
      "e_band_eV": -433.4583262243176,
      "eigenvalues_eV": [
        -27.634619186840705,
        -19.648918745252658,
        -19.22668486147927,
        -17.628424549927352,
        -14.83975017136424,
        -14.725558893694505,
        -13.326896244386324,
        -12.530394348413068,
        -11.251087925902784,
        -11.120069849586637,
        -9.956184567737418,
        -9.620433442974697,
        -8.94118606152177,
        -7.512384992150375,
        -6.933911044739758,
        -6.700124769346425,
        -5.132533456840791,
        -1.2773430520280844,
        -0.3578412836008044,
        0.524836760757212,
        2.353372261066123,
        2.6572378619740347,
        2.9992685753828234,
        3.223276609537726,
        3.3876149285036146
      ],
      "homo_eV": 3.223276609537726,
      "lumo_eV": 3.3876149285036146,
      "gap_eV": 0.16433831896588869
    },
    "rotated_90_y_injected": {
      "label": "rotated_90_y",
      "type": "injected_single_shot",
      "elapsed_seconds": 5.250041723251343,
      "grid_shape": [
        19,
        55,
        39
      ],
      "e_total_free_Ha": -2.803225171309455,
      "e_total_free_eV": -76.27964224972457,
      "e_total_extrapolated_Ha": -2.803225171309455,
      "e_total_extrapolated_eV": -76.27964224972457,
      "e_kinetic_Ha": 3.3062570094436374,
      "e_kinetic_eV": 89.96783577974084,
      "e_kinetic0_Ha": 19.242103136348856,
      "e_kinetic0_eV": 523.6042963638764,
      "e_coulomb_Ha": -3.3451120925045785,
      "e_coulomb_eV": -91.02513644392096,
      "e_xc_Ha": -2.820387858953559,
      "e_xc_eV": -76.74666276842393,
      "e_zero_Ha": 0.05601777070504532,
      "e_zero_eV": 1.5243211828794792,
      "e_external_Ha": 0.0,
      "e_external_eV": 0.0,
      "e_band_Ha": -15.935846126905219,
      "e_band_eV": -433.63646058413553,
      "eigenvalues_eV": [
        -27.652961689702845,
        -19.654635669976074,
        -19.235105306310412,
        -17.631664897676426,
        -14.846185178272297,
        -14.72424684239455,
        -13.325135706500324,
        -12.533417064302185,
        -11.25751231217253,
        -11.130135739680421,
        -9.960553788104601,
        -9.626174613008123,
        -8.949906306058537,
        -7.514983424198159,
        -6.935033675173098,
        -6.7039947621308755,
        -5.136583316406308,
        -1.2807920934585768,
        -0.3595756934877854,
        0.5207809199741078,
        2.367056430992822,
        2.65563607849046,
        3.0043489590398273,
        3.3093263270096918,
        3.4860251116118564
      ],
      "homo_eV": 3.3093263270096918,
      "lumo_eV": 3.4860251116118564,
      "gap_eV": 0.1766987846021646
    },
    "rotated_180_y_full_scf": {
      "label": "rotated_180_y",
      "type": "full_scf",
      "potential_energy_eV": -76.26877126350604,
      "n_scf_iterations": 21,
      "elapsed_seconds": 11.74643874168396,
      "grid_shape": [
        39,
        55,
        19
      ],
      "e_total_free_Ha": -2.8028256699312895,
      "e_total_free_eV": -76.26877126350604,
      "e_total_extrapolated_Ha": -2.8028256699312895,
      "e_total_extrapolated_eV": -76.26877126350604,