{
  "checkpoint": "/clusterfs/students/achmadjae/gpaw-qm9/models/experiments/dense_physics_v1/checkpoints/best.pt",
  "best_val": 0.00022993189699123973,
  "data": "dataset/gpaw_qm9_20k.h5",
  "max_samples": 1000,
  "val_split": 0.1,
  "split_seed": 42,
  "sample_seed": 42,
  "selected_validation_position": 12,
  "selected_dataset_index": 61,
  "key": "dsgdb9nsd_000064",
  "formula": "C4H7N",
  "shape": [
    36,
    40,
    36
  ],
  "plot_info": {
    "density_threshold": 0.05,
    "delta_threshold": 0.0952799129486085,
    "true_selected_points": 7020,
    "pred_selected_points": 6839,
    "delta_selected_points": 464
  },
  "mae": 0.00520127359777689,
  "rmse": 0.030375054106116295,
  "r2": 0.9995499541825776,
  "pred_sum_raw": 4638.201171875,
  "true_sum_raw": 4420.1298828125,
  "delta_sum_raw": 218.0712890625,
  "max_abs_error": 2.5956077575683594,
  "dv_angstrom3": 0.00829528742684401,
  "pred_integrated_electrons": 38.47521186422784,
  "true_integrated_electrons": 36.66624784191202,
  "delta_integrated_electrons": 1.8089640223158199,
  "expected_neutral_electrons": 38,
  "delta_pred_vs_expected_electrons": 0.47521186422783757,
  "delta_true_vs_expected_electrons": -1.3337521580879823
}
