{
  "checkpoint": "/home/achmadjae/gpaw-qm9/models/experiments/dense_physics_v3/checkpoints/best.pt",
  "best_val": 5.999787730476013e-05,
  "data": "/home/achmadjae/gpaw-qm9/dataset/gpaw_qm9_merged.h5",
  "max_samples": null,
  "val_split": 0.1,
  "split_seed": 42,
  "sample_seed": 42,
  "selected_validation_position": 184,
  "selected_dataset_index": 1560,
  "key": "dsgdb9nsd_002611",
  "formula": "C7H8",
  "shape": [
    48,
    56,
    32
  ],
  "plot_info": {
    "density_threshold": 0.05,
    "delta_threshold": 0.11412501335144043,
    "true_selected_points": 10004,
    "pred_selected_points": 10104,
    "delta_selected_points": 742
  },
  "mae": 0.017334429547190666,
  "rmse": 0.8676835894584656,
  "r2": 0.5278052286484096,
  "pred_sum_raw": 6208.91650390625,
  "true_sum_raw": 6453.93408203125,
  "delta_sum_raw": -245.017578125,
  "max_abs_error": 99.32232666015625,
  "dv_angstrom3": 0.0077471959556178515,
  "pred_integrated_electrons": 48.10169219970703,
  "true_integrated_electrons": 49.99989318847656,
  "delta_integrated_electrons": -1.8982009887695312,
  "expected_neutral_electrons": 50,
  "delta_pred_vs_expected_electrons": -1.8983078002929688,
  "delta_true_vs_expected_electrons": -0.0001068115234375
}
