{
  "checkpoint": "/home/achmadjae/gpaw-qm9/models/experiments/dense_physics_v5/checkpoints/best.pt",
  "best_val": 8.393447933485731e-05,
  "data": "/home/achmadjae/gpaw-qm9/dataset/gpaw_qm9_merged.h5",
  "max_samples": null,
  "val_split": 0.1,
  "split_seed": 42,
  "sample_seed": 42,
  "selected_validation_position": 184,
  "selected_dataset_index": 1560,
  "key": "dsgdb9nsd_002611",
  "formula": "C7H8",
  "shape": [
    48,
    56,
    32
  ],
  "plot_info": {
    "density_threshold": 0.05,
    "delta_threshold": 0.05670514702796936,
    "true_selected_points": 10004,
    "pred_selected_points": 10041,
    "delta_selected_points": 742
  },
  "mae": 0.013779637403786182,
  "rmse": 0.7668728232383728,
  "r2": 0.6311539589010147,
  "pred_sum_raw": 6224.0322265625,
  "true_sum_raw": 6453.93408203125,
  "delta_sum_raw": -229.90185546875,
  "max_abs_error": 89.195556640625,
  "dv_angstrom3": 0.0077471959556178515,
  "pred_integrated_electrons": 48.21879959106445,
  "true_integrated_electrons": 49.99989318847656,
  "delta_integrated_electrons": -1.7810935974121094,
  "expected_neutral_electrons": 50,
  "delta_pred_vs_expected_electrons": -1.7812004089355469,
  "delta_true_vs_expected_electrons": -0.0001068115234375
}
